ID	Label	Definition	Definition Source	Definition Source	Editor Note	Editor	Type	Parent Class	Class Assertion	Category Label	Sorting Object	Sorted Object	Sort Index	Disjoint Class
ID	AL rdfs:label@en	AL IAO:0000115@en	AL IAO:0000119@en	A IAO:0000119	AL IAO:0000116@en	A IAO:0000117	TYPE	SC %	TI %	SC %	SC %	I 'is about'	I 'sort as'	DC %
phaleron-patho:AnatomicalAspectValueSpecification	Anatomical aspect value specification	A value specification that specifies the aspect of a skeletal element on which an observation is made.	Phaleron Paleopathology Scoring Key, version 17 September 2021, p.1.			Felix Engel	class	obo:OBI_0001930		('has category label' some ({standards-patho:VentralAnterior, standards-patho:DorsalPosterior, standards-patho:Medial, standards-patho:Lateral, phaleron-patho:Endocranial, phaleron-patho:Ectocranial, phaleron-patho:PalmarPlantar, standards-patho:Superior, standards-patho:Inferior, phaleron-patho:Proximal, phaleron-patho:Distal, standards-patho:Circumferential}))				
phaleron-patho:AnatomicalAspectLabelSorting	Sorting directive for an anatomical aspect label	A sorting specification about the position of a category label within the ordinal scale defined by an anatomical aspect value specification.	Phaleron Paleopathology Scoring Key, version 17 September 2021, p.1.			Felix Engel	class	rdfbones:LabelSortingSpecification			('is about' exactly 1 phaleron-patho:AnatomicalAspectValueSpecification)			
phaleron-patho:AnatomicalAspectLabelSorting01	01: Ventral/Anterior		Phaleron Paleopathology Scoring Key, version 17 September 2021, p.1.			Felix Engel	named individual		phaleron-patho:AnatomicalAspectLabelSorting			standards-patho:VentralAnterior	1	
phaleron-patho:AnatomicalAspectLabelSorting02	02: Dorsal/Posterior		Phaleron Paleopathology Scoring Key, version 17 September 2021, p.1.			Felix Engel	named individual		phaleron-patho:AnatomicalAspectLabelSorting			standards-patho:DorsalPosterior	2	
phaleron-patho:AnatomicalAspectLabelSorting03	03: Medial		Phaleron Paleopathology Scoring Key, version 17 September 2021, p.1.			Felix Engel	named individual		phaleron-patho:AnatomicalAspectLabelSorting			standards-patho:Medial	3	
phaleron-patho:AnatomicalAspectLabelSorting04	04: Lateral		Phaleron Paleopathology Scoring Key, version 17 September 2021, p.1.			Felix Engel	named individual		phaleron-patho:AnatomicalAspectLabelSorting			standards-patho:Lateral	4	
phaleron-patho:AnatomicalAspectLabelSorting05	05: Endocranial		Phaleron Paleopathology Scoring Key, version 17 September 2021, p.1.			Felix Engel	named individual		phaleron-patho:AnatomicalAspectLabelSorting			phaleron-patho:Endocranial	5	
phaleron-patho:AnatomicalAspectLabelSorting06	06: Ectocranial		Phaleron Paleopathology Scoring Key, version 17 September 2021, p.1.			Felix Engel	named individual		phaleron-patho:AnatomicalAspectLabelSorting			phaleron-patho:Ectocranial	6	
phaleron-patho:AnatomicalAspectLabelSorting07	07: Palmar/Plantar		Phaleron Paleopathology Scoring Key, version 17 September 2021, p.1.			Felix Engel	named individual		phaleron-patho:AnatomicalAspectLabelSorting			phaleron-patho:PalmarPlantar	7	
phaleron-patho:AnatomicalAspectLabelSorting08	08: Superior		Phaleron Paleopathology Scoring Key, version 17 September 2021, p.1.			Felix Engel	named individual		phaleron-patho:AnatomicalAspectLabelSorting			standards-patho:Superior	8	
phaleron-patho:AnatomicalAspectLabelSorting09	09: Inferior		Phaleron Paleopathology Scoring Key, version 17 September 2021, p.1.			Felix Engel	named individual		phaleron-patho:AnatomicalAspectLabelSorting			standards-patho:Inferior	9	
phaleron-patho:AnatomicalAspectLabelSorting10	10: Proximal		Phaleron Paleopathology Scoring Key, version 17 September 2021, p.1.			Felix Engel	named individual		phaleron-patho:AnatomicalAspectLabelSorting			phaleron-patho:Proximal	10	
phaleron-patho:AnatomicalAspectLabelSorting11	11: Distal		Phaleron Paleopathology Scoring Key, version 17 September 2021, p.1.			Felix Engel	named individual		phaleron-patho:AnatomicalAspectLabelSorting			phaleron-patho:Distal	11	
phaleron-patho:AnatomicalAspectLabelSorting12	12: Circumferential		Phaleron Paleopathology Scoring Key, version 17 September 2021, p.1.			Felix Engel	named individual		phaleron-patho:AnatomicalAspectLabelSorting			standards-patho:Circumferential	12	
phaleron-patho:AnatomicalSiteValueSpecification	Anatomical site value specification	A value specification that specifies in which part of a bone organ an observation is made.	Phaleron Paleopathology Scoring Key, version 17 September 2021, p.2.			Felix Engel	class	obo:OBI_0001930		('has category label' some ({phaleron-patho:Periosteal, phaleron-patho:Subchondral, phaleron-patho:ExternalTable, phaleron-patho:Diploe, phaleron-patho:InternalTable, phaleron-patho:CortexCorticalBone, phaleron-patho:EndostealSurface, phaleron-patho:Trabeculae, standards-patho:UnclassifiedObservation}))				
phaleron-patho:AnatomicalSiteLabelSorting	Sorting directive for an anatomical site label	A sorting specification about the position of a category label within the ordinal scale defined by an anatomical site value specification.	Phaleron Paleopathology Scoring Key, version 17 September 2021, p.2.			Felix Engel	class	rdfbones:LabelSortingSpecification			('is about' exactly 1 phaleron-patho:AnatomicalSiteValueSpecification)			
phaleron-patho:AnatomicalSiteLabelSorting01	01: Periosteal		Phaleron Paleopathology Scoring Key, version 17 September 2021, p.2.			Felix Engel	named individual		phaleron-patho:AnatomicalSiteLabelSorting			phaleron-patho:Periosteal	1	
phaleron-patho:AnatomicalSiteLabelSorting02	02: Subchondral		Phaleron Paleopathology Scoring Key, version 17 September 2021, p.2.			Felix Engel	named individual		phaleron-patho:AnatomicalSiteLabelSorting			phaleron-patho:Subchondral	2	
phaleron-patho:AnatomicalSiteLabelSorting03	03: External Table		Phaleron Paleopathology Scoring Key, version 17 September 2021, p.2.			Felix Engel	named individual		phaleron-patho:AnatomicalSiteLabelSorting			phaleron-patho:ExternalTable	3	
phaleron-patho:AnatomicalSiteLabelSorting04	04: Diploe		Phaleron Paleopathology Scoring Key, version 17 September 2021, p.2.			Felix Engel	named individual		phaleron-patho:AnatomicalSiteLabelSorting			phaleron-patho:Diploe	4	
phaleron-patho:AnatomicalSiteLabelSorting05	05: Internal Table		Phaleron Paleopathology Scoring Key, version 17 September 2021, p.2.			Felix Engel	named individual		phaleron-patho:AnatomicalSiteLabelSorting			phaleron-patho:InternalTable	5	
phaleron-patho:AnatomicalSiteLabelSorting06	06: Cortex/ Cortical Bone		Phaleron Paleopathology Scoring Key, version 17 September 2021, p.2.			Felix Engel	named individual		phaleron-patho:AnatomicalSiteLabelSorting			phaleron-patho:CortexCorticalBone	6	
phaleron-patho:AnatomicalSiteLabelSorting07	07: Endosteal Surface		Phaleron Paleopathology Scoring Key, version 17 September 2021, p.2.			Felix Engel	named individual		phaleron-patho:AnatomicalSiteLabelSorting			phaleron-patho:EndostealSurface	7	
phaleron-patho:AnatomicalSiteLabelSorting08	08: Trabeculae		Phaleron Paleopathology Scoring Key, version 17 September 2021, p.2.			Felix Engel	named individual		phaleron-patho:AnatomicalSiteLabelSorting			phaleron-patho:Trabeculae	8	
phaleron-patho:AnatomicalSiteLabelSorting09	09: other		Phaleron Paleopathology Scoring Key, version 17 September 2021, p.2.			Felix Engel	named individual		phaleron-patho:AnatomicalSiteLabelSorting			standards-patho:UnclassifiedObservation	9	
phaleron-patho:ExtentOfInvolvementValueSpecification	Extent of involvement value specification	A value specification that specifies how much of a skeletal element or specific portion of an element is affected by an observed condition.	Phaleron Paleopathology Scoring Key, version 17 September 2021, p.1/2.			Felix Engel	class	obo:OBI_0001930		('has category label' exactly 1 ({standards-patho:UnderOneThird, standards-patho:OneToTwoThirds, standards-patho:OverTwoThirds, phaleron-patho:ObservationImpossible}))				
phaleron-patho:ExtentOfInvolvementLabelSorting	Sorting directive for an extent of involvement label	A sorting specification about the position of a category label within the ordinal scale defined by an extent of involvement value specificaiton.	Phaleron Paleopathology Scoring Key, version 17 September 2021, p.1/2.			Felix Engel	class	rdfbones:LabelSortingSpecification			('is about' exactly 1 phaleron-patho:ExtentOfInvolvementValueSpecification)			
phaleron-patho:ExtentOfInvolvementLabelSorting01	01: <1/3		Phaleron Paleopathology Scoring Key, version 17 September 2021, p.1/2.			Felix Engel	named individual		phaleron-patho:ExtentOfInvolvementLabelSorting			standards-patho:UnderOneThird	1	
phaleron-patho:ExtentOfInvolvementLabelSorting02	02: 1/3 - 2/3		Phaleron Paleopathology Scoring Key, version 17 September 2021, p.1/2.			Felix Engel	named individual		phaleron-patho:ExtentOfInvolvementLabelSorting			standards-patho:OneToTwoThirds	2	
phaleron-patho:ExtentOfInvolvementLabelSorting03	03: >2/3		Phaleron Paleopathology Scoring Key, version 17 September 2021, p.1/2.			Felix Engel	named individual		phaleron-patho:ExtentOfInvolvementLabelSorting			standards-patho:OverTwoThirds	3	
phaleron-patho:ExtentOfInvolvementLabelSorting04	04: Unobservable		Phaleron Paleopathology Scoring Key, version 17 September 2021, p.1/2.			Felix Engel	named individual		phaleron-patho:ExtentOfInvolvementLabelSorting			phaleron-patho:ObservationImpossible	4	
phaleron-patho:TypeOfBoneLabelSorting	Sorting directive for a type of bone label	A sorting specification about the position of a category label within the scale defined by a type of bone value specification.	Phaleron Paleopathology Scoring Key, version 17 September 2021, p.3.			Felix Engel	class	rdfbones:LabelSortingSpecification			('is about' exactly 1 standards-patho:TypeOfBoneValueSpecification)			
phaleron-patho:TypeOfBoneLabelSorting01	Fiberbone		Phaleron Paleopathology Scoring Key, version 17 September 2021, p.3.			Felix Engel	named individual		phaleron-patho:TypeOfBoneLabelSorting			standards-patho:WovenBone	1	
phaleron-patho:TypeOfBoneLabelSorting02	Sclerotic		Phaleron Paleopathology Scoring Key, version 17 September 2021, p.3.			Felix Engel	named individual		phaleron-patho:TypeOfBoneLabelSorting			standards-patho:ScleroticBone	2	
phaleron-patho:TypeOfBoneLabelSorting03	Mixed Fiberbone and Sclerotic		Phaleron Paleopathology Scoring Key, version 17 September 2021, p.3.			Felix Engel	named individual		phaleron-patho:TypeOfBoneLabelSorting			standards-patho:WovenAndScleroticBone	3	
phaleron-patho:EndostealSurfaceBoneFormationCharacteristicsValueSpecification	Endosteal surface bone formation characteristics value specification	A value specification that specifies how the appearance of the endosteal surface where reactive bone formation narrows the medullary cavity is described.	Phaleron Paleopathology Scoring Key, version 17 September 2021, p.3.			Felix Engel	class	obo:OBI_0001930		('has category label' exactly 1 ({standards-patho:AbsenceOfFeature, standards-patho:LamellaVisibleOnEndostealSurface, standards-patho:MedullaryCavityNarrowedWithNoVisibleLamellae, phaleron-patho:ObservationImpossible}))				
phaleron-patho:EndostealSurfaceBoneFormationCharacteristicsLabelSorting	Sorting directive for an endosteal surface bone addition characteristics label	A sorting specification about the position of a category label within the scale defined by an endosteal surface bone formation characteristics value specificaiton.	Phaleron Paleopathology Scoring Key, version 17 September 2021, p.3.			Felix Engel	class	rdfbones:LabelSortingSpecification						
phaleron-patho:EndostealSurfaceBoneFormationCharacteristicsLabelSorting01	Absent		Phaleron Paleopathology Scoring Key, version 17 September 2021, p.3.			Felix Engel	named individual		phaleron-patho:EndostealSurfaceBoneFormationCharacteristicsLabelSorting			standards-patho:AbsenceOfFeature	1	
phaleron-patho:EndostealSurfaceBoneFormationCharacteristicsLabelSorting02	Lamella visible		Phaleron Paleopathology Scoring Key, version 17 September 2021, p.3.			Felix Engel	named individual		phaleron-patho:EndostealSurfaceBoneFormationCharacteristicsLabelSorting			standards-patho:LamellaVisibleOnEndostealSurface	2	
phaleron-patho:EndostealSurfaceBoneFormationCharacteristicsLabelSorting03	Filled no lamellae		Phaleron Paleopathology Scoring Key, version 17 September 2021, p.3.			Felix Engel	named individual		phaleron-patho:EndostealSurfaceBoneFormationCharacteristicsLabelSorting			standards-patho:MedullaryCavityNarrowedWithNoVisibleLamellae	3	
phaleron-patho:EndostealSurfaceBoneFormationCharacteristicsLabelSorting04	Unobservable		Phaleron Paleopathology Scoring Key, version 17 September 2021, p.3.			Felix Engel	named individual		phaleron-patho:EndostealSurfaceBoneFormationCharacteristicsLabelSorting			phaleron-patho:ObservationImpossible	4	
phaleron-patho:PorosityCharacteristicsLabelSorting	Sorting directive for a porosity characteristics label	A sorting specification about the position of a category label within the ordinal scale defined by a porosity characteristics value specification	Phaleron Paleopathology Scoring Key, version 17 September 2021, p.5.			Felix Engel	class	rdfbones:LabelSortingSpecification			('is about' exactly 1 standards-patho:PorosityCharacteristicsValueSpecification)			
phaleron-patho:PorosityCharacteristicsLabelSorting01	01: Barely discernible		Phaleron Paleopathology Scoring Key, version 17 September 2021, p.5.			Felix Engel	named individual		phaleron-patho:PorosityCharacteristicsLabelSorting			standards-patho:SlightExpressionOfFeature	1	
phaleron-patho:PorosityCharacteristicsLabelSorting02	02: Porosity Only		Phaleron Paleopathology Scoring Key, version 17 September 2021, p.5.			Felix Engel	named individual		phaleron-patho:PorosityCharacteristicsLabelSorting			standards-patho:BoneSurfacePorosityWithoutCoalescenceOfForamina	2	
phaleron-patho:PorosityCharacteristicsLabelSorting03	03: Porosity with Coalescence of Foramina		Phaleron Paleopathology Scoring Key, version 17 September 2021, p.5.			Felix Engel	named individual		phaleron-patho:PorosityCharacteristicsLabelSorting			standards-patho:BoneSurfacePorosityWithCoalescenceOfForamina	3	
phaleron-patho:PorosityCharacteristicsLabelSorting04	04:Coalescence with increased thickness		Phaleron Paleopathology Scoring Key, version 17 September 2021, p.5.			Felix Engel	named individual		phaleron-patho:PorosityCharacteristicsLabelSorting			standards-patho:CoalescingForaminaWithIncreasedThickness	4	
phaleron-patho:ActivityOfPathologicalProcessLabelSorting	Sorting directive for an activity of pathological process label	A sorting specification about the position of a category label within the scale defined by an activity of pathological process value specification.	Phaleron Paleopathology Scoring Key, version 17 September 2021, p.5.			Felix Engel	class	rdfbones:LabelSortingSpecification			('is about' exactly 1 standards-patho:ActivityOfPathologicalProcessValueSpecification)			
phaleron-patho:ActivityOfPathologicalProcessLabelSorting01	01: Active		Phaleron Paleopathology Scoring Key, version 17 September 2021, p.5.			Felix Engel	named individual		phaleron-patho:ActivityOfPathologicalProcessLabelSorting			standards-patho:PathologicalProcessActiveAtTimeOfDeath	1	
phaleron-patho:ActivityOfPathologicalProcessLabelSorting02	02: Healed		Phaleron Paleopathology Scoring Key, version 17 September 2021, p.5.			Felix Engel	named individual		phaleron-patho:ActivityOfPathologicalProcessLabelSorting			standards-patho:HealedPathologicalLesion	2	
phaleron-patho:ActivityOfPathologicalProcessLabelSorting03	03: Mixed		Phaleron Paleopathology Scoring Key, version 17 September 2021, p.5.			Felix Engel	named individual		phaleron-patho:ActivityOfPathologicalProcessLabelSorting			standards-patho:MixedEvidenceOfHealingAndActivePathologicalProcesses	3	
phaleron-patho:TypeOfBonyResponseValueSpecification	Type of bony response value specification	A value specification that specifies whether a bony response is focal or diffuse.	Phaleron Paleopathology Scoring Key, version 17 September 2021, p.5.			Felix Engel	class	obo:OBI_0001930		('has category label' exactly 1 ({phaleron-patho:FocalBonyResponse, phaleron-patho:DiffuseBonyResponse}))				
phaleron-patho:TypeOfBonyResponseLabelSorting	Sorting directive for a type of bony response label	A sorting specification about the position of a category label within the scale defined by a type of bony response value specification.	Phaleron Paleopathology Scoring Key, version 17 September 2021, p.5.			Felix Engel	class	rdfbones:LabelSortingSpecification			('is about' exactly 1 phaleron-patho:TypeOfBonyResponseValueSpecification)			
phaleron-patho:TypeOfBonyResponseLabelSorting01	01: Focal		Phaleron Paleopathology Scoring Key, version 17 September 2021, p.5.			Felix Engel	named individual		phaleron-patho:TypeOfBonyResponseLabelSorting			phaleron-patho:FocalBonyResponse	1	
phaleron-patho:TypeOfBonyResponseLabelSorting02	02: Diffuse		Phaleron Paleopathology Scoring Key, version 17 September 2021, p.5.			Felix Engel	named individual		phaleron-patho:TypeOfBonyResponseLabelSorting			phaleron-patho:DiffuseBonyResponse	2	
phaleron-patho:FocalBonyResponseCharacteristicsValueSpecification	Focal bony response characteristics value specification	A value specification that specifies the characteristics of a focal bony response.	Phaleron Paleopathology Scoring Key, version 17 September 2021, p.6.			Felix Engel	class	obo:OBI_0001930		('has category label' exactly 1 ({standards-patho:BoundariesWellDefinedWithoutSclerosis, standards-patho:CircumscriptionWithScleroticReaction, standards-patho:MarginsNotSharplyDefined}))				
phaleron-patho:FocalBonyResponseCharacteristicsLabelSorting	Sorting directive for a focal bony response characteristics label	A sorting specification about the position of a category label within the scale defined by a focal bony response characteristics value specification.	Phaleron Paleopathology Scoring Key, version 17 September 2021, p.6.			Felix Engel	class	rdfbones:LabelSortingSpecification			('is about' exactly 1 phaleron-patho:FocalBonyResponseCharacteristicsValueSpecification)			
phaleron-patho:FocalBonyResponseCharacteristicsLabelSorting01	01: Circumscription (without sclerosis)		Phaleron Paleopathology Scoring Key, version 17 September 2021, p.6.			Felix Engel	named individual		phaleron-patho:FocalBonyResponseCharacteristicsLabelSorting			standards-patho:BoundariesWellDefinedWithoutSclerosis	1	
phaleron-patho:FocalBonyResponseCharacteristicsLabelSorting02	02: Circumscription (with sclerotic reaction)		Phaleron Paleopathology Scoring Key, version 17 September 2021, p.6.			Felix Engel	named individual		phaleron-patho:FocalBonyResponseCharacteristicsLabelSorting			standards-patho:CircumscriptionWithScleroticReaction	2	
phaleron-patho:FocalBonyResponseCharacteristicsLabelSorting03	03: Margins not sharply defined		Phaleron Paleopathology Scoring Key, version 17 September 2021, p.6.			Felix Engel	named individual		phaleron-patho:FocalBonyResponseCharacteristicsLabelSorting			standards-patho:MarginsNotSharplyDefined	3	
phaleron-patho:DiffuseBonyResponseCharacteristicsValueSpecification	Diffuse bony response characteristics value specification	A value specification that specifies the characteristics of a diffuse bony response.	Phaleron Paleopathology Scoring Key, version 17 September 2021, p.6.			Felix Engel	class	obo:OBI_0001930		('has category label' exactly 1 ({standards-patho:DiffuseBonyResponseWithCorticalThinning, standards-patho:DiffuseBonyResponseWithoutCorticalThinning, phaleron-patho:ObservationImpossible}))				
phaleron-patho:DiffuseBonyResponseCharacteristicsLabelSorting	Sorting directive for a diffuse bony response characteristics label	A sorting specification about the position of a category label within the scale defined by a diffuse bony response characteristics value specification.	Phaleron Paleopathology Scoring Key, version 17 September 2021, p.6.			Felix Engel	class	rdfbones:LabelSortingSpecification			('is about' exactly 1 phaleron-patho:DiffuseBonyResponseCharacteristicsValueSpecification)			
phaleron-patho:DiffuseBonyResponseCharacteristicsLabelSorting01	01: With cortical thinning		Phaleron Paleopathology Scoring Key, version 17 September 2021, p.6.			Felix Engel	named individual		phaleron-patho:DiffuseBonyResponseCharacteristicsLabelSorting			standards-patho:DiffuseBonyResponseWithCorticalThinning	1	
phaleron-patho:DiffuseBonyResponseCharacteristicsLabelSorting02	02: Without cortical thinning		Phaleron Paleopathology Scoring Key, version 17 September 2021, p.6.			Felix Engel	named individual		phaleron-patho:DiffuseBonyResponseCharacteristicsLabelSorting			standards-patho:DiffuseBonyResponseWithoutCorticalThinning	2	
phaleron-patho:DiffuseBonyResponseCharacteristicsLabelSorting03	03: Unobservable		Phaleron Paleopathology Scoring Key, version 17 September 2021, p.6.			Felix Engel	named individual		phaleron-patho:DiffuseBonyResponseCharacteristicsLabelSorting			phaleron-patho:ObservationImpossible	3	
phaleron-patho:DegreeOfBoneLippingValueSpecification	Degree of bone lipping value specification	A value specification that specifies the expression of bone lipping.	Phaleron Paleopathology Scoring Key, version 17 September 2021, p.9/10.	https://github.com/RDFBones/RDFBonesPhaleron/issues/46		Felix Engel	class	obo:OBI_0001930		('has category label' exactly 1 ({standards-patho:AbsenceOfFeature, standards-patho:SlightExpressionOfFeature, standards-patho:SharpRidgeSometimeCurledWithSpicules, standards-patho:ExtensiveSpiculeFormation, standards-patho:Ankylosis}))				
phaleron-patho:LippingDegreeLabelSorting	Sorting directive for a lipping degree label	A sorting specification about the position of a category label within the ordinal scale defined by a degree of bone lipping value specification.	Phaleron Paleopathology Scoring Key, version 17 September 2021, p.9/10.			Felix Engel	class	rdfbones:LabelSortingSpecification			('is about' exactly 1 standards-patho:DegreeOfBoneLippingValueSpecification)			
phaleron-patho:LippingDegreeLabelSorting01	00: Absent		Phaleron Paleopathology Scoring Key, version 03 February 2022, p.9/10.	https://github.com/RDFBones/RDFBonesPhaleron/issues/46		Felix Engel	named individual		phaleron-patho:LippingDegreeLabelSorting			standards-patho:AbsenceOfFeature	#01	
phaleron-patho:LippingDegreeLabelSorting02	01: Barely discernible		Phaleron Paleopathology Scoring Key, version 17 September 2021, p.10.			Felix Engel	named individual		phaleron-patho:LippingDegreeLabelSorting			standards-patho:SlightExpressionOfFeature	#02	
phaleron-patho:LippingDegreeLabelSorting03	02: Sharp ridge and/or slight spicules		Phaleron Paleopathology Scoring Key, version 17 September 2021, p.10.			Felix Engel	named individual		phaleron-patho:LippingDegreeLabelSorting			standards-patho:SharpRidgeSometimeCurledWithSpicules	#03	
phaleron-patho:LippingDegreeLabelSorting04	03: Extensive spicular formation		Phaleron Paleopathology Scoring Key, version 17 September 2021, p.10.			Felix Engel	named individual		phaleron-patho:LippingDegreeLabelSorting			standards-patho:ExtensiveSpiculeFormation	#04	
phaleron-patho:LippingDegreeLabelSorting05	04: Ankylosis		Phaleron Paleopathology Scoring Key, version 17 September 2021, p.10.			Felix Engel	named individual		phaleron-patho:LippingDegreeLabelSorting			standards-patho:Ankylosis	#05	
phaleron-patho:DegreeOfBoneSurfacePorosityValueSpecification	Degree of bone porosity value specification	A value specification that specifies the expression of bone surface porosity.	Phaleron Paleopathology Scoring Key, version 17 September 2021, p.10.			Felix Engel	class	obo:OBI_0001930		('has category label' exactly 1 ({standards-patho:AbsenceOfFeature, phaleron-patho:Pinpoint, standards-patho:CoalescedPits, standards-patho:BothDiscreteAndCoalescedPits, phaleron-patho:ObservationImpossible}))				
phaleron-patho:DegreeOfBoneSurfacePorosityLabelSorting	Sorting directive for a degree of bone surface porosity label	A sorting specification about the position of a category label within the ordinal scale defined by a degree of bone surface porosity value specification.	Phaleron Paleopathology Scoring Key, version 17 September 2021, p.10.			Felix Engel	class	rdfbones:LabelSortingSpecification			('is about' exactly 1 phaleron-patho:DegreeOfBoneSurfacePorosityValueSpecification)			
phaleron-patho:DegreeOfBoneSurfacePorosityLabelSorting01	00: Absent		Phaleron Paleopathology Scoring Key, version 17 September 2021, p.10.			Felix Engel	named individual		phaleron-patho:DegreeOfBoneSurfacePorosityLabelSorting			standards-patho:AbsenceOfFeature	#01	
phaleron-patho:DegreeOfBoneSurfacePorosityLabelSorting02	01: Pinpoint		Phaleron Paleopathology Scoring Key, version 17 September 2021, p.10.			Felix Engel	named individual		phaleron-patho:DegreeOfBoneSurfacePorosityLabelSorting			phaleron-patho:Pinpoint	#02	
phaleron-patho:DegreeOfBoneSurfacePorosityLabelSorting03	02: Coalesced		Phaleron Paleopathology Scoring Key, version 17 September 2021, p.10.			Felix Engel	named individual		phaleron-patho:DegreeOfBoneSurfacePorosityLabelSorting			standards-patho:CoalescedPits	#03	
phaleron-patho:DegreeOfBoneSurfacePorosityLabelSorting04	03: Both P and C		Phaleron Paleopathology Scoring Key, version 17 September 2021, p.10.			Felix Engel	named individual		phaleron-patho:DegreeOfBoneSurfacePorosityLabelSorting			standards-patho:BothDiscreteAndCoalescedPits	#04	
phaleron-patho:DegreeOfBoneSurfacePorosityLabelSorting05	09: Unobservable		Phaleron Paleopathology Scoring Key, version 17 September 2021, p.10.			Felix Engel	named individual		phaleron-patho:DegreeOfBoneSurfacePorosityLabelSorting			phaleron-patho:ObservationImpossible	#05	
phaleron-patho:DegreeOfBoneSurfaceEburnationValueSpecification	Degree of bone surface eburnation value specification	A value specification that specifies the expression of bone surface polishing.	Phaleron Paleopathology Scoring Key, version 17 September 2021, p.10.			Felix Engel	class	obo:OBI_0001930		('has category label' exactly 1 ({standards-patho:AbsenceOfFeature, standards-patho:SlightExpressionOfFeature, standards-patho:PolishOnly, standards-patho:PolishWithGrooves, phaleron-patho:ObservationImpossible}))				
phaleron-patho:DegreeOfBoneSurfaceEburnationLabelSorting	Sorting directive for a degree of bone surface eburnation label	A sorting specification about the position of a category label within the ordinal scale defined by a degree of degree of bone surface eburnation value specification.	Phaleron Paleopathology Scoring Key, version 17 September 2021, p.10.			Felix Engel	class	rdfbones:LabelSortingSpecification			('is about' exactly 1 phaleron-patho:DegreeOfBoneSurfaceEburnationValueSpecification)	phaleron-patho:ObservationImpossible		
phaleron-patho:DegreeOfBoneSurfaceEburnationLabelSorting01	00: Absent		Phaleron Paleopathology Scoring Key, version 17 September 2021, p.10.			Felix Engel	named individual		phaleron-patho:DegreeOfBoneSurfaceEburnationLabelSorting			standards-patho:AbsenceOfFeature	#01	
phaleron-patho:DegreeOfBoneSurfaceEburnationLabelSorting02	01: Barely discernible		Phaleron Paleopathology Scoring Key, version 17 September 2021, p.10.			Felix Engel	named individual		phaleron-patho:DegreeOfBoneSurfaceEburnationLabelSorting			standards-patho:SlightExpressionOfFeature	#02	
phaleron-patho:DegreeOfBoneSurfaceEburnationLabelSorting03	02: Polish only		Phaleron Paleopathology Scoring Key, version 17 September 2021, p.10.			Felix Engel	named individual		phaleron-patho:DegreeOfBoneSurfaceEburnationLabelSorting			standards-patho:PolishOnly	#03	
phaleron-patho:DegreeOfBoneSurfaceEburnationLabelSorting04	03: Polish with grooves		Phaleron Paleopathology Scoring Key, version 17 September 2021, p.10.			Felix Engel	named individual		phaleron-patho:DegreeOfBoneSurfaceEburnationLabelSorting			standards-patho:PolishWithGrooves	#04	
phaleron-patho:DegreeOfBoneSurfaceEburnationLabelSorting05	09: Unobservable		Phaleron Paleopathology Scoring Key, version 17 September 2021, p.10.			Felix Engel	named individual		phaleron-patho:DegreeOfBoneSurfaceEburnationLabelSorting			phaleron-patho:ObservationImpossible	#05	
phaleron-patho:PresenceAndPerceptibilityOfFeatureValueSpecification	Presence and perceptibility of feature value specification	A value specification that specifies whether a feature is present and how ovious it is expressed.	Phaleron Paleopathology Scoring Key, version 17 September 2021, p.10.			Felix Engel	class	obo:OBI_0001930		('has category label' exactly 1 ({standards-patho:AbsenceOfFeature, standards-patho:SlightExpressionOfFeature, standards-patho:MarkedExpressionOfFeature}))				
phaleron-patho:PresenceAndPerceptibilityOfFeatureLabelSorting	Sorting directive for a presence and perceptibility of feature label	A sorting specification about the position of a category label within the ordinal scale defined by a presence and perceptibility of feature value specification.	Phaleron Paleopathology Scoring Key, version 17 September 2021, p.10.			Felix Engel	class	rdfbones:LabelSortingSpecification			('is about' exactly 1 phaleron-patho:PresenceAndPerceptibilityOfFeatureValueSpecification)			
phaleron-patho:PresenceAndPerceptibilityOfFeatureLabelSorting01	00: Absent		Phaleron Paleopathology Scoring Key, version 17 September 2021, p.10.			Felix Engel	named individual		phaleron-patho:PresenceAndPerceptibilityOfFeatureLabelSorting			standards-patho:AbsenceOfFeature	#01	
phaleron-patho:PresenceAndPerceptibilityOfFeatureLabelSorting02	01: Barely discernible		Phaleron Paleopathology Scoring Key, version 17 September 2021, p.10.			Felix Engel	named individual		phaleron-patho:PresenceAndPerceptibilityOfFeatureLabelSorting			standards-patho:SlightExpressionOfFeature	#02	
phaleron-patho:PresenceAndPerceptibilityOfFeatureLabelSorting03	02:Clearly present		Phaleron Paleopathology Scoring Key, version 17 September 2021, p.10.			Felix Engel	named individual		phaleron-patho:PresenceAndPerceptibilityOfFeatureLabelSorting			standards-patho:MarkedExpressionOfFeature	#03	
phaleron-patho:TypeOfTraumaValueSpecification	Type of trauma value specification	A value specification that specifies the kind of skeletal trauma, in terms of impacting object or conditions of traumatisation, that is being observed.	Phaleron Paleopathology Scoring Key, version 03 February 2022, p.11.			Felix Engel	class	obo:OBI_0001930		('has category label' some ({phaleron-patho:PossiblePresenceOfFeature, phaleron-patho:BluntForceTrauma, standards-patho:EdgedBladedForceTrauma, phaleron-patho:ProjectileTrauma, standards-patho:UnclassifiedObservation, phaleron-patho:ObservationImpossible}))				
phaleron-patho:TypeOfTraumaLabelSorting	Sorting directive for a type of trauma label	A sorting specification about the position of a category label within the scale defined by a type of trauma value specification.	Phaleron Paleopathology Scoring Key, version 03 February 2022, p.11.			Felix Engel	class	rdfbones:LabelSortingSpecification			('is about' exactly 1 phaleron-patho:TypeOfTraumaValueSpecification)			
phaleron-patho:TypeOfTraumaLabelSorting01	00: Trauma type unknown		Phaleron Paleopathology Scoring Key, version 03 February 2022, p.11.			Felix Engel	named individual		phaleron-patho:TypeOfTraumaLabelSorting			phaleron-patho:PossiblePresenceOfFeature	#01	
phaleron-patho:TypeOfTraumaLabelSorting02	01: Blunt Force		Phaleron Paleopathology Scoring Key, version 03 February 2022, p.11.			Felix Engel	named individual		phaleron-patho:TypeOfTraumaLabelSorting			phaleron-patho:BluntForceTrauma	#02	
phaleron-patho:TypeOfTraumaLabelSorting03	02: Sharp Force		Phaleron Paleopathology Scoring Key, version 03 February 2022, p.11.			Felix Engel	named individual		phaleron-patho:TypeOfTraumaLabelSorting			standards-patho:EdgedBladedForceTrauma	#03	
phaleron-patho:TypeOfTraumaLabelSorting04	03: Projectile		Phaleron Paleopathology Scoring Key, version 03 February 2022, p.11.			Felix Engel	named individual		phaleron-patho:TypeOfTraumaLabelSorting			phaleron-patho:ProjectileTrauma	#04	
phaleron-patho:TypeOfTraumaLabelSorting05	04: Other (e.g. stress)		Phaleron Paleopathology Scoring Key, version 03 February 2022, p.11.			Felix Engel	named individual		phaleron-patho:TypeOfTraumaLabelSorting			standards-patho:UnclassifiedObservation	#05	
phaleron-patho:TypeOfTraumaLabelSorting06	09: Unobservable		Phaleron Paleopathology Scoring Key, version 03 February 2022, p.11.			Felix Engel	named individual		phaleron-patho:TypeOfTraumaLabelSorting			phaleron-patho:ObservationImpossible	#06	
phaleron-patho:TypeOfFractureValueSpecification	Type of fracture value specification	A value specification that specifies the kind of skeletal fracture, in terms of biomechanical indicators, that is being observed.	Phaleron Paleopathology Scoring Key, version 03 February 2022, p.11/12.			Felix Engel	class	obo:OBI_0001930		('has category label' some ({phaleron-patho:PossiblePresenceOfFeature, standards-patho:CompleteFracture, phaleron-patho:IncompleteFracture, phaleron-patho:TransverseFracture, phaleron-patho:ObliqueFracture, standards-patho:SpiralFracture, standards-patho:ComminutedFracture, phaleron-patho:ButterflyFracture, phaleron-patho:SegmentalFracture, phaleron-patho:VerticalFracture, phaleron-patho:DepressedFracture, phaleron-patho:TorusBuckleFracture, phaleron-patho:PlasticDeformationBowFracture, phaleron-patho:EpiphysealFracture, phaleron-patho:NasalFracture, phaleron-patho:CrushFracture, phaleron-patho:AvulsionFracture, phaleron-patho:LinearFracture, standards-patho:RadiatingFracture, phaleron-patho:DiastaticFracture, phaleron-patho:DelaminationFracture, phaleron-patho:ConcentricFracture, standards-patho:PathologicalFracture, phaleron-patho:StressFatigueFracture, standards-patho:SimpleFracture, phaleron-patho:CompoundOpenFracture, standards-patho:PartialFracture, phaleron-patho:ObservationImpossible}))				
phaleron-patho:TypeOfFractureLabelSorting	Sorting directive for a type of fracture label	A sorting specification about the position of a category label within the scale defined by a type of fracture value specification.	Phaleron Paleopathology Scoring Key, version 03 February 2022, p.11/12.			Felix Engel	class	rdfbones:LabelSortingSpecification			('is about' exactly 1 phaleron-patho:TypeOfFractureValueSpecification)			
phaleron-patho:TypeOfFractureLabelSorting01	00: Fracture type unknown		Phaleron Paleopathology Scoring Key, version 03 February 2022, p.11.			Felix Engel	named individual		phaleron-patho:TypeOfFractureLabelSorting			phaleron-patho:PossiblePresenceOfFeature	#01	
phaleron-patho:TypeOfFractureLabelSorting02	01: Complete		Phaleron Paleopathology Scoring Key, version 03 February 2022, p.11.			Felix Engel	named individual		phaleron-patho:TypeOfFractureLabelSorting			standards-patho:CompleteFracture	#02	
phaleron-patho:TypeOfFractureLabelSorting03	02: Incomplete		Phaleron Paleopathology Scoring Key, version 03 February 2022, p.11.			Felix Engel	named individual		phaleron-patho:TypeOfFractureLabelSorting			phaleron-patho:IncompleteFracture	#03	
phaleron-patho:TypeOfFractureLabelSorting04	03: Traverse		Phaleron Paleopathology Scoring Key, version 03 February 2022, p.11.			Felix Engel	named individual		phaleron-patho:TypeOfFractureLabelSorting			phaleron-patho:TransverseFracture	#04	
phaleron-patho:TypeOfFractureLabelSorting05	04: Oblique		Phaleron Paleopathology Scoring Key, version 03 February 2022, p.11.			Felix Engel	named individual		phaleron-patho:TypeOfFractureLabelSorting			phaleron-patho:ObliqueFracture	#05	
phaleron-patho:TypeOfFractureLabelSorting06	05: Spiral		Phaleron Paleopathology Scoring Key, version 03 February 2022, p.11.			Felix Engel	named individual		phaleron-patho:TypeOfFractureLabelSorting			standards-patho:SpiralFracture	#06	
phaleron-patho:TypeOfFractureLabelSorting07	06: Comminuted		Phaleron Paleopathology Scoring Key, version 03 February 2022, p.11.			Felix Engel	named individual		phaleron-patho:TypeOfFractureLabelSorting			standards-patho:ComminutedFracture	#07	
phaleron-patho:TypeOfFractureLabelSorting08	07: Butterfly		Phaleron Paleopathology Scoring Key, version 03 February 2022, p.11.			Felix Engel	named individual		phaleron-patho:TypeOfFractureLabelSorting			phaleron-patho:ButterflyFracture	#08	
phaleron-patho:TypeOfFractureLabelSorting09	08: Segmental		Phaleron Paleopathology Scoring Key, version 03 February 2022, p.12.			Felix Engel	named individual		phaleron-patho:TypeOfFractureLabelSorting			phaleron-patho:SegmentalFracture	#09	
phaleron-patho:TypeOfFractureLabelSorting10	10: Vertical		Phaleron Paleopathology Scoring Key, version 03 February 2022, p.12.			Felix Engel	named individual		phaleron-patho:TypeOfFractureLabelSorting			phaleron-patho:VerticalFracture	#10	
phaleron-patho:TypeOfFractureLabelSorting11	11: Depressed		Phaleron Paleopathology Scoring Key, version 03 February 2022, p.12.			Felix Engel	named individual		phaleron-patho:TypeOfFractureLabelSorting			phaleron-patho:DepressedFracture	#11	
phaleron-patho:TypeOfFractureLabelSorting12	12: Torus/Buckle		Phaleron Paleopathology Scoring Key, version 03 February 2022, p.12.			Felix Engel	named individual		phaleron-patho:TypeOfFractureLabelSorting			phaleron-patho:TorusBuckleFracture	#12	
phaleron-patho:TypeOfFractureLabelSorting13	13: Plastic Deformation/Bow		Phaleron Paleopathology Scoring Key, version 03 February 2022, p.12.			Felix Engel	named individual		phaleron-patho:TypeOfFractureLabelSorting			phaleron-patho:PlasticDeformationBowFracture	#13	
phaleron-patho:TypeOfFractureLabelSorting14	14: Epiphyseal		Phaleron Paleopathology Scoring Key, version 03 February 2022, p.12.			Felix Engel	named individual		phaleron-patho:TypeOfFractureLabelSorting			phaleron-patho:EpiphysealFracture	#14	
phaleron-patho:TypeOfFractureLabelSorting15	15: Nasal		Phaleron Paleopathology Scoring Key, version 03 February 2022, p.12.			Felix Engel	named individual		phaleron-patho:TypeOfFractureLabelSorting			phaleron-patho:NasalFracture	#15	
phaleron-patho:TypeOfFractureLabelSorting16	16: Crush		Phaleron Paleopathology Scoring Key, version 03 February 2022, p.12.			Felix Engel	named individual		phaleron-patho:TypeOfFractureLabelSorting			phaleron-patho:CrushFracture	#16	
phaleron-patho:TypeOfFractureLabelSorting17	17: Avulsion		Phaleron Paleopathology Scoring Key, version 03 February 2022, p.12.			Felix Engel	named individual		phaleron-patho:TypeOfFractureLabelSorting			phaleron-patho:AvulsionFracture	#17	
phaleron-patho:TypeOfFractureLabelSorting18	18: Linear		Phaleron Paleopathology Scoring Key, version 03 February 2022, p.12.			Felix Engel	named individual		phaleron-patho:TypeOfFractureLabelSorting			phaleron-patho:LinearFracture	#18	
phaleron-patho:TypeOfFractureLabelSorting19	19: Radiation		Phaleron Paleopathology Scoring Key, version 03 February 2022, p.12.			Felix Engel	named individual		phaleron-patho:TypeOfFractureLabelSorting			standards-patho:RadiatingFracture	#19	
phaleron-patho:TypeOfFractureLabelSorting20	20: Diastatic		Phaleron Paleopathology Scoring Key, version 03 February 2022, p.12.			Felix Engel	named individual		phaleron-patho:TypeOfFractureLabelSorting			phaleron-patho:DiastaticFracture	#20	
phaleron-patho:TypeOfFractureLabelSorting21	21: Delamination		Phaleron Paleopathology Scoring Key, version 03 February 2022, p.12.			Felix Engel	named individual		phaleron-patho:TypeOfFractureLabelSorting			phaleron-patho:DelaminationFracture	#21	
phaleron-patho:TypeOfFractureLabelSorting22	22: Concentric		Phaleron Paleopathology Scoring Key, version 03 February 2022, p.12.			Felix Engel	named individual		phaleron-patho:TypeOfFractureLabelSorting			phaleron-patho:ConcentricFracture	#22	
phaleron-patho:TypeOfFractureLabelSorting23	23: Pathological		Phaleron Paleopathology Scoring Key, version 03 February 2022, p.12.			Felix Engel	named individual		phaleron-patho:TypeOfFractureLabelSorting			standards-patho:PathologicalFracture	#23	
phaleron-patho:TypeOfFractureLabelSorting24	24: Stress fatigue		Phaleron Paleopathology Scoring Key, version 03 February 2022, p.12.			Felix Engel	named individual		phaleron-patho:TypeOfFractureLabelSorting			phaleron-patho:StressFatigueFracture	#24	
phaleron-patho:TypeOfFractureLabelSorting25	25: Simple/Closed		Phaleron Paleopathology Scoring Key, version 03 February 2022, p.12.			Felix Engel	named individual		phaleron-patho:TypeOfFractureLabelSorting			standards-patho:SimpleFracture	#25	
phaleron-patho:TypeOfFractureLabelSorting26	26: Compound/Open		Phaleron Paleopathology Scoring Key, version 03 February 2022, p.12.			Felix Engel	named individual		phaleron-patho:TypeOfFractureLabelSorting			phaleron-patho:CompoundOpenFracture	#26	
phaleron-patho:TypeOfFractureLabelSorting27	27: Greenstick		Phaleron Paleopathology Scoring Key, version 03 February 2022, p.12.			Felix Engel	named individual		phaleron-patho:TypeOfFractureLabelSorting			standards-patho:PartialFracture	#27	
phaleron-patho:TypeOfFractureLabelSorting28	09: Unobservable		Phaleron Paleopathology Scoring Key, version 03 February 2022, p.12.			Felix Engel	named individual		phaleron-patho:TypeOfFractureLabelSorting			phaleron-patho:ObservationImpossible	#28	
phaleron-patho:FractureSequelaeValueSpecification	Fracture sequelae value specification	A value specification that specifies the kinds of healing conditions observed with a traumatic lesion on skeletal material.	Phaleron Paleopathology Scoring Key, version 03 February 2022, p.12/13.			Felix Engel	class	obo:OBI_0001930		('has category label' some ({phaleron-patho:PossiblePresenceOfFeature, standards-patho:CallusOfOnlyWovenBone, standards-patho:CallusFormationWithScleroticReaction, phaleron-patho:HealedAndStable, standards-patho:Nonunion, phaleron-patho:Malunion, standards-patho:TissueNecrosis, standards-patho:Infection, standards-patho:TraumaticArthritis, standards-patho:JointFusion, phaleron-patho:FusionOfSkeletalElements, phaleron-patho:Angulation, phaleron-patho:ObservationImpossible}))				
phaleron-patho:FractureSequelaeLabelSorting	Sorting directive for a fracture sequelae label	A sorting specification about the position of a category label within the ordinal scale defined by a fracture sequelae value specification.	Phaleron Paleopathology Scoring Key, version 03 February 2022, p.12/13.			Felix Engel	class	rdfbones:LabelSortingSpecification			('is about' exactly 1 phaleron-patho:FractureSequelaeValueSpecification)			
phaleron-patho:FractureSequelaeLabelSorting01	00: Fracture Sequelae Unknown		Phaleron Paleopathology Scoring Key, version 03 February 2022, p.12.			Felix Engel	named individual		phaleron-patho:FractureSequelaeLabelSorting			phaleron-patho:PossiblePresenceOfFeature	#01	
phaleron-patho:FractureSequelaeLabelSorting02	01: Callus, woven only		Phaleron Paleopathology Scoring Key, version 03 February 2022, p.12.			Felix Engel	named individual		phaleron-patho:FractureSequelaeLabelSorting			standards-patho:CallusOfOnlyWovenBone	#02	
phaleron-patho:FractureSequelaeLabelSorting03	02: Callus, sclerotic only		Phaleron Paleopathology Scoring Key, version 03 February 2022, p.13.			Felix Engel	named individual		phaleron-patho:FractureSequelaeLabelSorting			standards-patho:CallusFormationWithScleroticReaction	#03	
phaleron-patho:FractureSequelaeLabelSorting04	03: Healed and stable		Phaleron Paleopathology Scoring Key, version 03 February 2022, p.13.			Felix Engel	named individual		phaleron-patho:FractureSequelaeLabelSorting			phaleron-patho:HealedAndStable	#04	
phaleron-patho:FractureSequelaeLabelSorting05	04: Nonunion		Phaleron Paleopathology Scoring Key, version 03 February 2022, p.13.			Felix Engel	named individual		phaleron-patho:FractureSequelaeLabelSorting			standards-patho:Nonunion	#05	
phaleron-patho:FractureSequelaeLabelSorting06	05: Malunion (includes shape changes such as overlap and apposition)		Phaleron Paleopathology Scoring Key, version 03 February 2022, p.13.			Felix Engel	named individual		phaleron-patho:FractureSequelaeLabelSorting			phaleron-patho:Malunion	#06	
phaleron-patho:FractureSequelaeLabelSorting07	06: Tissue necrosis		Phaleron Paleopathology Scoring Key, version 03 February 2022, p.13.			Felix Engel	named individual		phaleron-patho:FractureSequelaeLabelSorting			standards-patho:TissueNecrosis	#07	
phaleron-patho:FractureSequelaeLabelSorting08	07: Infection		Phaleron Paleopathology Scoring Key, version 03 February 2022, p.13.			Felix Engel	named individual		phaleron-patho:FractureSequelaeLabelSorting			standards-patho:Infection	#08	
phaleron-patho:FractureSequelaeLabelSorting09	08: Traumatic arthritis		Phaleron Paleopathology Scoring Key, version 03 February 2022, p.13.			Felix Engel	named individual		phaleron-patho:FractureSequelaeLabelSorting			standards-patho:TraumaticArthritis	#09	
phaleron-patho:FractureSequelaeLabelSorting10	10: Joint union		Phaleron Paleopathology Scoring Key, version 03 February 2022, p.13.			Felix Engel	named individual		phaleron-patho:FractureSequelaeLabelSorting			standards-patho:JointFusion	#10	
phaleron-patho:FractureSequelaeLabelSorting11	11: Fusion (with other element)		Phaleron Paleopathology Scoring Key, version 03 February 2022, p.13.			Felix Engel	named individual		phaleron-patho:FractureSequelaeLabelSorting			phaleron-patho:FusionOfSkeletalElements	#11	
phaleron-patho:FractureSequelaeLabelSorting12	12: Angulation		Phaleron Paleopathology Scoring Key, version 03 February 2022, p.13.			Felix Engel	named individual		phaleron-patho:FractureSequelaeLabelSorting			phaleron-patho:Angulation	#12	
phaleron-patho:FractureSequelaeLabelSorting13	09: Unobservable		Phaleron Paleopathology Scoring Key, version 03 February 2022, p.13.			Felix Engel	named individual		phaleron-patho:FractureSequelaeLabelSorting			phaleron-patho:ObservationImpossible	#13	
phaleron-patho:PossiblePresenceOfFeatureValueSpecification	Possible presence of feature value specification	A value specification that specifies if a feature is present or absent or if the evidence does not support the assessment.	Phaleron Paleopathology Scoring Key, version 03 February 2022, p.13.			Felix Engel	class	obo:OBI_0001930		('has category label' exactly 1 ({standards-patho:AbsenceOfFeature, standards-patho:PresenceOfFeature, phaleron-patho:PossiblePresenceOfFeature}))				
phaleron-patho:PossiblePresenceOfFeatureLabelSorting	Sorting directive for a possible presence of feature label	A sorting specification about the position of a category label within the scale defined by a possible presence of feature value specification.	Phaleron Paleopathology Scoring Key, version 03 February 2022, p.13.			Felix Engel	class	rdfbones:LabelSortingSpecification			('is about' exactly 1 phaleron-patho:PossiblePresenceOfFeatureValueSpecification)			
phaleron-patho:PossiblePresenceOfFeatureLabelSorting01	00: Absent		Phaleron Paleopathology Scoring Key, version 03 February 2022, p.13.			Felix Engel	named individual		phaleron-patho:PossiblePresenceOfFeatureLabelSorting			standards-patho:AbsenceOfFeature	#01	
phaleron-patho:PossiblePresenceOfFeatureLabelSorting02	01: Present		Phaleron Paleopathology Scoring Key, version 03 February 2022, p.13.			Felix Engel	named individual		phaleron-patho:PossiblePresenceOfFeatureLabelSorting			standards-patho:PresenceOfFeature	#02	
phaleron-patho:PossiblePresenceOfFeatureLabelSorting03	02: Ambiguous/unknown		Phaleron Paleopathology Scoring Key, version 03 February 2022, p.13.			Felix Engel	named individual		phaleron-patho:PossiblePresenceOfFeatureLabelSorting			phaleron-patho:PossiblePresenceOfFeature	#03	
phaleron-patho:TimingOfInjuryValueSpecification	Timing of injury value specification	A value specification that specifies whether a process occurred during an organism's lifetime or around the time of its death.	Phaleron Paleopathology Scoring Key, version 15 February 2022, p.13.			Felix Engel	class	obo:OBI_0001930		('has category label' exactly 1 ({phaleron-patho:PossiblePresenceOfFeature, phaleron-patho:Antemortem, phaleron-patho:Perimortem, phaleron-patho:ObservationImpossible}))				
phaleron-patho:TimingOfInjuryLabelSorting	Sorting directive for a time of injury label	A sorting specification about the position of a category label within the scale defined by a timing of injury value specification.	Phaleron Paleopathology Scoring Key, version 15 February 2022, p.13.			Felix Engel	class	rdfbones:LabelSortingSpecification			('is about' exactly 1 phaleron-patho:TimingOfInjuryValueSpecification)			
phaleron-patho:TimingOfInjuryLabelSorting01	00: Unknown		Phaleron Paleopathology Scoring Key, version 15 February 2022, p.13.			Felix Engel	named individual		phaleron-patho:TimingOfInjuryLabelSorting			phaleron-patho:PossiblePresenceOfFeature	#01	
phaleron-patho:TimingOfInjuryLabelSorting02	01: Antemortem		Phaleron Paleopathology Scoring Key, version 15 February 2022, p.13.			Felix Engel	named individual		phaleron-patho:TimingOfInjuryLabelSorting			phaleron-patho:Antemortem	#02	
phaleron-patho:TimingOfInjuryLabelSorting03	02: Perimortem		Phaleron Paleopathology Scoring Key, version 15 February 2022, p.13.			Felix Engel	named individual		phaleron-patho:TimingOfInjuryLabelSorting			phaleron-patho:Perimortem	#03	
phaleron-patho:TimingOfInjuryLabelSorting04	09: Unobservable		Phaleron Paleopathology Scoring Key, version 15 February 2022, p.13.			Felix Engel	named individual		phaleron-patho:TimingOfInjuryLabelSorting			phaleron-patho:ObservationImpossible	#04	
phaleron-patho:CranialPittingSeverityValueSpecification	Cranial pitting severity value specification	A value specifification that specifies the size of pits in the cranial surface.	Phaleron Paleopathology Scoring Key, version 15 February 2022, p.7.			Felix Engel	class	obo:OBI_0001930		('has category label' exactly 1 ({standards-patho:AbsenceOfFeature, phaleron-patho:Pinpoint, phaleron-patho:DiameterBelowHalfAMillimeter, phaleron-patho:DiameterAboveHalfAMillimeter, standards-patho:CoalescedPits, phaleron-patho:ObservationImpossible}))				
phaleron-patho:CranialPittingSeverityLabelSorting	Sorting directive for a cranial pitting severity label	A sorting specification about the position of a category label within the ordinal scale defined by a cranial pitting severity value specification value specification.	Phaleron Paleopathology Scoring Key, version 15 February 2022, p.7.			Felix Engel	class	rdfbones:LabelSortingSpecification			('is about' exactly 1 phaleron-patho:CranialPittingSeverityValueSpecification)			
phaleron-patho:CranialPittingSeverityLabelSorting01	00: Absent		Phaleron Paleopathology Scoring Key, version 15 February 2022, p.7.			Felix Engel	named individual		phaleron-patho:CranialPittingSeverityLabelSorting			standards-patho:AbsenceOfFeature	#01	
phaleron-patho:CranialPittingSeverityLabelSorting02	01: Pinpoint porosity		Phaleron Paleopathology Scoring Key, version 15 February 2022, p.7.			Felix Engel	named individual		phaleron-patho:CranialPittingSeverityLabelSorting			phaleron-patho:Pinpoint	#02	
phaleron-patho:CranialPittingSeverityLabelSorting03	02: <0.5 mm		Phaleron Paleopathology Scoring Key, version 15 February 2022, p.7.			Felix Engel	named individual		phaleron-patho:CranialPittingSeverityLabelSorting			phaleron-patho:DiameterBelowHalfAMillimeter	#03	
phaleron-patho:CranialPittingSeverityLabelSorting04	03: >0.5 mm		Phaleron Paleopathology Scoring Key, version 15 February 2022, p.7.			Felix Engel	named individual		phaleron-patho:CranialPittingSeverityLabelSorting			phaleron-patho:DiameterAboveHalfAMillimeter	#04	
phaleron-patho:CranialPittingSeverityLabelSorting05	04: Large coalescent pits		Phaleron Paleopathology Scoring Key, version 15 February 2022, p.7.			Felix Engel	named individual		phaleron-patho:CranialPittingSeverityLabelSorting			standards-patho:CoalescedPits	#05	
phaleron-patho:CranialPittingSeverityLabelSorting06	09: Unknown/unobservable		Phaleron Paleopathology Scoring Key, version 15 February 2022, p.7.			Felix Engel	named individual		phaleron-patho:CranialPittingSeverityLabelSorting			phaleron-patho:ObservationImpossible	#06	
phaleron-patho:15To50PerSquarecentimeterFourStagesDensityValueSpecification	Densities of 15 to 50/cm value specification	A value specification that specifies densities of observed features between 15 and >50/cm in four categories.	Phaleron Paleopathology Scoring Key, version 15 February 2022, p.7/8.			Felix Engel	class	obo:OBI_0001930		('has category label' exactly 1 ({standards-patho:AbsenceOfFeature, phaleron-patho:Under15PerSquareCentimeter, phaleron-patho:15To24PerSquareCentimeter, phaleron-patho:25To50PerSquareCentimeter, phaleron-patho:Above50PerSquareCentimeter, phaleron-patho:ObservationImpossible}))				
phaleron-patho:DensityLabelSorting	Sorting directive for a density label	A sorting specification about the position of a category label within the ordinal scale defined by a densities of 15 to 50/cm value specification.	Phaleron Paleopathology Scoring Key, version 15 February 2022, p.7/8.			Felix Engel	class	rdfbones:LabelSortingSpecification			('is about' exactly 1 phaleron-patho:15To50PerSquarecentimeterFourStagesDensityValueSpecification)			
phaleron-patho:DensityLabelSorting01	00: Absent		Phaleron Paleopathology Scoring Key, version 15 February 2022, p.7.			Felix Engel	named individual		phaleron-patho:DensityLabelSorting			standards-patho:AbsenceOfFeature	#01	
phaleron-patho:DensityLabelSorting02	01: Low (less than 15/cm2)		Phaleron Paleopathology Scoring Key, version 15 February 2022, p.7.			Felix Engel	named individual		phaleron-patho:DensityLabelSorting			phaleron-patho:Under15PerSquareCentimeter	#02	
phaleron-patho:DensityLabelSorting03	02: Moderate (15-24/cm2)		Phaleron Paleopathology Scoring Key, version 15 February 2022, p.7.			Felix Engel	named individual		phaleron-patho:DensityLabelSorting			phaleron-patho:15To24PerSquareCentimeter	#03	
phaleron-patho:DensityLabelSorting04	03: High (25-50/cm2)		Phaleron Paleopathology Scoring Key, version 15 February 2022, p.7.			Felix Engel	named individual		phaleron-patho:DensityLabelSorting			phaleron-patho:25To50PerSquareCentimeter	#04	
phaleron-patho:DensityLabelSorting05	04: Extreme (50+ or coalesced)		Phaleron Paleopathology Scoring Key, version 15 February 2022, p.8.			Felix Engel	named individual		phaleron-patho:DensityLabelSorting			phaleron-patho:Above50PerSquareCentimeter	#05	
phaleron-patho:DensityLabelSorting06	09: Unknown/unobservable		Phaleron Paleopathology Scoring Key, version 15 February 2022, p.8.			Felix Engel	named individual		phaleron-patho:DensityLabelSorting			phaleron-patho:ObservationImpossible	#06	
phaleron-patho:CertaintyOfExistenceOfFeatureValueSpecification	Certainty of existence of feature value specification	A value specification that specifies the certainty to which a specific feature may exist.	Phaleron Paleopathology Scoring Key, version 15 February 2022, p.8.			Felix Engel	class	obo:OBI_0001930		('has category label' exactly 1 ({standards-patho:AbsenceOfFeature, phaleron-patho:PossiblePresenceOfFeature, standards-patho:PresenceOfFeature, phaleron-patho:ObservationImpossible}))				
phaleron-patho:CertaintyOfExistenceOfFeatureLabelSorting	Sorting directive for a certainty of existence of feature label	A sorting specification about the position of a category label within the ordinal scale defined by a certainty of existence of feature specification value specification.	Phaleron Paleopathology Scoring Key, version 15 February 2022, p.8.			Felix Engel	class	rdfbones:LabelSortingSpecification			('is about' exactly 1 phaleron-patho:CertaintyOfExistenceOfFeatureValueSpecification)			
phaleron-patho:CertaintyOfExistenceOfFeatureLabelSorting01	00: Absent		Phaleron Paleopathology Scoring Key, version 15 February 2022, p.8.			Felix Engel	named individual		phaleron-patho:CertaintyOfExistenceOfFeatureLabelSorting			standards-patho:AbsenceOfFeature	#01	
phaleron-patho:CertaintyOfExistenceOfFeatureLabelSorting02	01: Possible expansion		Phaleron Paleopathology Scoring Key, version 15 February 2022, p.8.			Felix Engel	named individual		phaleron-patho:CertaintyOfExistenceOfFeatureLabelSorting			phaleron-patho:PossiblePresenceOfFeature	#02	
phaleron-patho:CertaintyOfExistenceOfFeatureLabelSorting03	02: Definite expansion		Phaleron Paleopathology Scoring Key, version 15 February 2022, p.8.			Felix Engel	named individual		phaleron-patho:CertaintyOfExistenceOfFeatureLabelSorting			standards-patho:PresenceOfFeature	#03	
phaleron-patho:CertaintyOfExistenceOfFeatureLabelSorting04	09: Unknown/unobservable		Phaleron Paleopathology Scoring Key, version 15 February 2022, p.8.			Felix Engel	named individual		phaleron-patho:CertaintyOfExistenceOfFeatureLabelSorting			phaleron-patho:ObservationImpossible	#04	
phaleron-patho:OrbitalPittingSeverityValueSpecification	Orbital pitting severity value specification	A value specification that specifies the quality of an observation of orbital pitting.	Phaleron Paleopathology Scoring Key, version 15 February 2022, p.8.			Felix Engel	class	obo:OBI_0001930		('has category label' exactly 1 ({standards-patho:AbsenceOfFeature, phaleron-patho:CapillaryImpressions, standards-patho:BoneSurfacePorosityWithoutCoalescenceOfForamina, phaleron-patho:SlightTrabecularExpansion, phaleron-patho:MarkedTrabecularExpansion, phaleron-patho:ObservationImpossible}))				
phaleron-patho:OrbitalPittingSeverityLabelSorting	Sorting directive for an orbital pitting severity label	A sorting specification about the position of a category label within the ordinal scale defined by a orbital pitting severity value specification.	Phaleron Paleopathology Scoring Key, version 15 February 2022, p.8.			Felix Engel	class	rdfbones:LabelSortingSpecification			('is about' exactly 1 phaleron-patho:OrbitalPittingSeverityValueSpecification)			
phaleron-patho:OrbitalPittingSeverityLabelSorting01	00: Absent		Phaleron Paleopathology Scoring Key, version 15 February 2022, p.8.			Felix Engel	named individual		phaleron-patho:OrbitalPittingSeverityLabelSorting			standards-patho:AbsenceOfFeature	#01	
phaleron-patho:OrbitalPittingSeverityLabelSorting02	01: Capillary impressions		Phaleron Paleopathology Scoring Key, version 15 February 2022, p.8.			Felix Engel	named individual		phaleron-patho:OrbitalPittingSeverityLabelSorting			phaleron-patho:CapillaryImpressions	#02	
phaleron-patho:OrbitalPittingSeverityLabelSorting03	02: Porosity (fine and large scattered foramina)		Phaleron Paleopathology Scoring Key, version 15 February 2022, p.8.			Felix Engel	named individual		phaleron-patho:OrbitalPittingSeverityLabelSorting			standards-patho:BoneSurfacePorosityWithoutCoalescenceOfForamina	#03	
phaleron-patho:OrbitalPittingSeverityLabelSorting04	03: Slight trabecular expansion		Phaleron Paleopathology Scoring Key, version 15 February 2022, p.8.			Felix Engel	named individual		phaleron-patho:OrbitalPittingSeverityLabelSorting			phaleron-patho:SlightTrabecularExpansion	#04	
phaleron-patho:OrbitalPittingSeverityLabelSorting05	04: Marked trabecular expansion		Phaleron Paleopathology Scoring Key, version 15 February 2022, p.8.			Felix Engel	named individual		phaleron-patho:OrbitalPittingSeverityLabelSorting			phaleron-patho:MarkedTrabecularExpansion	#05	
phaleron-patho:OrbitalPittingSeverityLabelSorting06	09: Unknown/unobservable		Phaleron Paleopathology Scoring Key, version 15 February 2022, p.8.			Felix Engel	named individual		phaleron-patho:OrbitalPittingSeverityLabelSorting			phaleron-patho:ObservationImpossible	#06	
